,Giro
FABRICACION DE AUTOPARTES,2
SERVICIO DE LOGISTICA ENSAMBLE Y VENTA DE AUTOPARTES,2
FAB. DE PARTES AUTOMOTRICES,2
CONSTRUCCIÃ“N,2
ENTREGA DE COCKPITS ARMADOS; EN LA PUERTA DEL CLIENTE,1
FAB; DISTR; COMERCIAL. DE PROD. TEXTILES,1
FABRICACIÃ“N DE PARTES AUTOMOTRICES,1
FAB. DE ENSAMBLE ELECTROSOLDADO P/ AUTOMOVIL,1
CONSTRUCTORA ,1
carnes frias; yogurt; lacteos y quesos,1
 FABRICACION DE ACERO: ALAMRON Y VARILLA,1
PRESTACION DE SERVICIOS DE LOGISTICA INDUSTRIAL,1
FABRICACIÃ“N DE PREPARACIONES FARMACEUTICAS,1
FABRICACION DE TOBILLERAS Y CALCETINES,1
ELABORACION DE AZUCAR ESTANDAR DE CAÃ‘A,1
ELABORACIÃ“N DE TELAS NO TEJIDAS COMPRIMIDAS,1
RECUBRIMIENTO DE AUTOPARTES ,1
Industria Siderurgica,1
SERVICIOS DE LOGISTICA ENSAMBLE Y VENTA DE AUTOPARTES,1
FAB. DE LIMPIADORES Y AROMATIZANTES,1
ASESORIA Y CONSULTORIA EN SERVICIOS TECNICOS Y ADMINISTRACION A INSTITUCION DE BANCA MULTIPLE,1
prestacion de servicios,1
PRODUCCION DE CEMENTO PORTLAND,1
PRODUCCIÃ“N Y COMERCIALIZACIÃ“N DE VEHÃCULOS AUTOMOTORES Y SUS COMPONENTES,1
PRODUCCION DE ARNES,1
CONFECCION Y MAQUILA TEXTIL,1
PREPARACIÃ“N E HILADO DE FIBRAS BLANDAS,1
FABRICACION DE TELAS DE TODO TIPO,1
FABRICACIÃ“N DE COBERTOR Y ROPA DE BEBÃ‰,1
EMPACADORA DE PRODUCTOS ALIMENTICIOS,1
SERV. PUBLICO DE RADIOTELEFONIA MOVIL TEC. CELULAR,1
FABRICA DE AUTO PARTES,1
TRANSPORTE DE CARGA FEDERAL,1
PREPARACION Y ENVASADO DE FRUTAS Y LEGUMBRES,1
FABRICACIÃ“N; COMPRA VENTA DE DULCES Y ALIMENTOS EN GENERAL,1
ELABORACION DE PRODUCTOS ALIMENTICIOS PARA CONSUMO HUMANO,1
MANUFACTURA Y COMERCIO EN GENERAL DE TODO TIPO DE TROQUELES; PIEZAS Y ACCESORIOS PARA MAQUINARIA Y AUTOMOVILES,1
FABRICACIÃ“N DE MAQUINARIA Y EQUIPO PARA LA INDUSTRIA AUTOMOTRIZ,1
SERVICIOS DE TECNOLOGIAS DE LA INFORMACION,1
CONSTRUCTORA DE CARRETEREAS;AUTOPISTAS;TERRACERIAS;PUENTES;ETC.,1
FABRICACION DE PRODUCTOS ALIMENTICIOS,1
FABRICA DE GALLETAS; PASTAS ALIMENTICIAS Y MAQUILAS CONEXAS,1
TELA MEZCLILLA,1
FABRICACIÃ“N DE HILOS PARA COSER Y BORDAR,1
FABRICACION DE MEZCLILLA,1
VENTA DE ROPA,1
FABRICACIÃ“N DE PIEZAS METÃLICAS TROQUELADAS PARA VEHÃCULOS AUTOMOTRICES ,1
